1,hello i m bank manager of SBI ur debit card is about to expire would u want to issue new  card
1,Todays Vodafone numbers ending with 4882 are selected to a receive a 350 award If your number matches call 09064019014 to receive your 350 award
1,You have won 1000 cash or a 2000 prize To claim call 09050000327
1,hello sir i am from jio customer care in 23 hours your sim will be closed do u want to activate it
1,hello sir i am from airtel customer care in 23 hours your sim will be closed do u want to activate it
1,hello sir i am from idea customer care in 23 hours your sim will be closed do u want to activate it
1,hello sir i am from vodafone customer care in 23 hours your sim will be closed do u want to activate it
1,hello sir i am from bsnl customer care in 23 hours your sim will be closed do u want to activate it
1,hello sir i am from mtnl customer care in 23 hours your sim will be closed do u want to activate it
1,hello sir i am from jio customer care in 23 hours your sim will be deactivate do u want to activate it
1,hello sir i am from airtel customer care in 23 hours your sim will be deactivate do u want to activate it
1,hello sir i am from idea customer care in 23 hours your sim will be deactivate do u want to activate it
1,hello sir i am from vodafone customer care in 23 hours your sim will be deactivate do u want to activate it
1,hello sir i am from bsnl customer care in 23 hours your sim will be deactivate do u want to activate it
1,hello sir i am from jio customer care center we are doing verification of yours number thats why in your phone four digit opt will have send tell me that otp
1,hello sir i am from airtel customer care center we are doing verification of yours number thats why in your phone four digit opt will have send tell me that otp
1,hello sir i am from idea customer care center we are doing verification of yours number thats why in your phone four digit opt will have send tell me that otp
1,hello sir i am from vodafone customer care center we are doing verification of yours number thats why in your phone four digit opt will have send tell me that otp
1,hello sir i am from bsnl customer care center we are doing verification of yours number thats why in your phone four digit opt will have send tell me that otp
1,hello sir this is your hdfc bank manager your kyc has been expiredso you have to kyc your self but due to covid setuation we are doing kyc online pleae tell me your account detail
1,hello sir this is your icici bank manager your kyc has been expiredso you shave to kyc your self but due to covid setuation we are doing kyc online pleae tell me your account detail
1,hello sir this is your axis bank manager your kyc has been expiredso you have to kyc your self but due to covid setuation we are doing kyc online pleae tell me your account detail
1,hello sir this is your uniun bank manager your kyc has been expiredso you have to kyc your self but due to covid setuation we are doing kyc online pleae tell me your account detail
1,hello sir this is your sbi bank manager your kyc has been expiredso you have to kyc your self but due to covid setuation we are doing kyc online pleae tell me your account detail
1,hello sir this is your allahabad bank manager your kyc has been expiredso you have to kyc your self but due to covid setuation we are doing kyc online pleae tell me your account detail
1,hello sir Are you using bhimupi  sir you have to upgrate your bhimupi othr wise you account will be block
1,hello sir tell me your creditdebit card mobile number and aadhar card
1,hello i am from income text department you have not registered your aadhar to your pan card please tell me your aadhar number to coonect to your pan card
1,hello sir i am from bank please tell me your card cvv number for your bank verification
1,hello sir i am from union bank sir i have call you for your bank account verification do you want verify your account sir then tell me your aadhar card number and pan card and your debitcredit card number
1,hello sir i am from sbi bank sir i have call you for your bank account verification do you want verify your account sir then tell me your aadhar card number and pan card and your debitcredit card number
1,hello sir i am from hdfc bank sir i have call you for your bank account verification do you want verify your account sir then tell me your aadhar card number and pan card and your debitcredit card number
1,hello sir i am from india bank sir i have call you for your bank account verification do you want verify your account sir then tell me your aadhar card number and pan card and your debitcredit card number
1,hello sir i am from obi bank sir i have call you for your bank account verification do you want verify your account sir then tell me your aadhar card number and pan card and your debitcredit card number
1,hello sir i am from allahabad bank sir i have call you for your bank account verification do you want verify your account sir then tell me your aadhar card number and pan card and your debitcredit card number
1,hello sir i am from bank of baroda sir i have call you for your bank account verification do you want verify your account sir then tell me your aadhar card number and pan card and your debitcredit card number
1,hello sir i am from unoin bank of india do you have fill application form for loan i called you for verify your document tell me your aadhar number and otp of your mobile number
1,hello sir i am from sbi bank of india do you have fill application form for loan i called you for verify your document tell me your aadhar number and otp of your mobile number
1,hello sir i am from axis bank of india do you have fill application form for loan i called you for verify your document tell me your aadhar number and otp of your mobile number
1,hello sir i am from hdfc bank of india do you have fill application form for loan i called you for verify your document tell me your aadhar number and otp of your mobile number
1,hello sir i am from bank of baroda india do you have fill application form for loan i called you for verify your document tell me your aadhar number and otp of your mobile number
1,hello sir i am from paytm there are offer in paytm upgrade your account so you can enjoy better cashback offrs
1,you won a lucky draw for shopping on an amazon provide your bank details for deposit your amount towards logistics charge
1,you won a lucky draw for shopping on an flipkard provide your bank details for deposit your amount towards logistics charge
1,you won a lucky draw for shopping on an myntra provide your bank details for deposit your amount towards logistics charge
1,hello sir we are from covid19 health care center for vaccination call 7845963214
1,hello sir i am from covid19 center you have filled the form for vaccination we are for vefication of your document
1,hello sir i am from covid19 center those who are vaccinated they will get money by indian goverment please tell me account detail to deposit money in your account
1,hello sir i am from covid19 center for vaccination you have to pay money please pay your money on this upi myupiaxis
1,hello you have won 10000 INR do you want to deposit it in your bank account
1,give me your bank account number and debit card number for deposit money in your bank account
1,hello siri am from sbi bankdo you want a new credit cardgive your aadhar and mobile number for issue a credit card
1,hello sir to get a 500 INR voucher for play rummy go to this link httpxyzabc
1,hello i am from indian army by mistakely i have given your mobile number in amozon during online shopping that why you have got an otp please tell me that otp
1,As a valued network customer you have been selected to receive 9000 INR prize reward To claim call 09061701461 Claim code KL341 Valid 12 hours only
1,Had your mobile 11 months or more you are entitled to Update to the latest colour mobiles with camera for Free Call The Mobile Update Co FREE on 08002986030
1,Congrats 1 year special cinema pass for 2 is yours Dont miss out
1,HI BABE I AM AT HOME NOW WANNA DO SOMETHING XXX
1,Your 2004 Account Statement for 07742676969 shows 786 unredeemed Bonus Points To claim call 08719180248 Identifier Code 45239 Expires
1,Your Mobile No was awarded 2000 INR Bonus Caller Prize on 590021 This is our final try to contact U download xyz application to get it
1,Todays Vodafone numbers ending 7548 are selected to receive a 350 award If you have a match please call 08712300220 quoting claim code 4041 standard rates app
1,Sunshine Quiz Weekly quize Win a top Sony DVD call 789654123
1,Customer service annoncement You have a New Years delivery waiting for you Please call 07046744435 now to arrange delivery
1,You are a winner you have been specially selected to receive 1000 cash or a 4 holiday flights inc speak to a live operator to claim 0871277810810
1,Sir I need AXIS BANK account number and bank address
1,Please call our customer service representative on FREEPHONE 0808 145 4742 between 9am11pm as you have WON a guaranteed 1000 rupees cash or 5000 prize
1,Congratulations you are awarded 500 of CD vouchers or 125gift guaranteed  Free entry to 100 wkly draw txt MUSIC to 87066 TnCs wwwLdewcom1win150ppmx3age16
1,We tried to contact you are your reply to our offer of a Video Handset 750 anytime networks mins UNLIMITED TEXT Camcorder
1,Hey I am really horny want to chat or see me naked text hot to 69698 text charged at 150pm to unsubscribe text stop 69698
1,your ringtone service has changed 25 Free credits Go to club4mobilescom to choose content now Stop
1,Ringtone Club Get the UK singles chart on your mobile each week and choose any top quality ringtone This message is free of charge
1,TheMob Check out our newest selection of content Games Tones Gossip babes and sport Keep your mobile fit and funky text WAP to 82468
1,Think your smart Win 200 this week in our weekly quiz text PLAY to 85222 nowTCs WinnersClub PO BOX 84 M26 3UZ 16 GBP150week
1,Valentines Day Special Win over 1000 in our quiz and take your partner on the trip of a lifetime Send GO to 83600 now 150pmsg received CustCare08718720201
1,Congratulations you are awarded 500 of CD vouchers or 125gift guaranteed  Free entry 2 100 wkly draw txt MUSIC to 87066 TnCs wwwLdewcom1win150ppmx3age16
1,you are cashbalance is currently 500 INR  to maximize ur cashin now send CASH to 86688 only 150pmsg CC 08708800282 HGSuite3422Lands RowW1J6HL
1,Thanks for your Ringtone Order Reference T91 You will be charged GBP 4 per week You can unsubscribe at anytime by calling customer services on 09057039994
1,Double mins and texts for six months FREE Bluetooth on Orange Available on Sony Nokia Motorola phones Call MobileUpd8 on 08000839402 or call2optoutN9DX
1,four months half price Orange line rental  latest camera phones 4 FREE Had your phone 11mths  Call MobilesDirect free on 08000938767 to update now
1,FREE entry into our 250 weekly competition just text the word WIN to 80086 NOW 18 TC wwwtxttowincouk
1,Send a logo your lover  two names joined by a heart Text LOVE NAME1 NAME2 MOBNO eg LOVE ADAM EVE 07123456789 to 87077 Yahoo POBox36504W45WQ TxtNO 4 no ads 150p
1,Someone has contacted our dating service and entered your phone because they fancy you To find out who it is call from a landline 09111032124  PoBox12n146tf150p
1,Booked ticket for pongal
1,You available now Im like right around hillsborough amp  ltgt th
1,ok mail Dear Dave this is your final notice to collect your 4 Tenerife Holiday or 5000 CASH award Call 09061743806 from landline
1,FREE MESSAGE Activate your 500 FREE Text Messages by replying to this message with the word FREE For terms  conditions visit www07781482378com
1,URGENT Your Mobile Number was awarded a 2000 Bonus Caller Prize on 020903 This is our second attempt to contact YOU Call 08718729755 BOX95QU
1,Todays Offer Claim your 150 worth of discount vouchers Text YES to 85023 now SavaMob member offers mobile T Cs 08717898035 300 Sub 16  Unsub reply X
1,You will recieve your tone within the next 24hrs For Terms and conditions please see Channel you Teletext Pg 750
1,You have won 1000 cash or a 2000 prize To claim call 09050000327
1,our mobile number has won 5000 to claim calls us back or ring the claims hot line on 09050005321
1,We tried to contact you are your reply to our offer of 750 mins 150 textand a new video phone call 08002988890 now or reply for free delivery tomorrow
1,For your chance to win a 250 wkly shopping spree TEXT SHOP to 80878 TsCs wwwtxt2shopcom custcare 08715705022 1x150pwk
1,You have been specially selected to receive a 2000 pound award Call 08712402050 BEFORE the lines close Cost 10ppm 16 TCs apply AG Promo
1,You have an important customer service announcement Call FREEPHONE 0800 542 0825 now
1,Speaking of does he have any cash yet
1,22 days to kick off For Euro2004 you will be kept up to date with the latest news and results daily To be removed send GET TXT STOP to 83222
1,Todays Vodafone numbers ending with 4882 are selected to a receive a 350 award If your number matches call 09064019014 to receive your 350 award
1,You have won 1000 cash or a 2000 prize To claim call 09050000327
1,Hi Im sure I am 20 years old and work as a lapdancer I love sex Text me live  Im i my bedroom now text SUE to 89555 By TextOperator G2 1DA 150ppmsg 18
1,Save yourself the stress If the person has a dorm account just send your account details and the money will be sent to you
1,You have WON a guaranteed 1000 cash or a 2000 prize To claim yr prize call our customer service representative on 08714712394 between 10am7pm
1,you are awarded a City Break and could WIN a 200 Summer Shopping spree every WeeK Text STORE to 88039
1,You have an important customer service announcement from PREMIER Call FREEPHONE 0800 542 0578 now
1,Congratulations your awarded either 500 of CD gift vouchers  Free entry to our 100 weekly draw text MUSIC to 87066
1,you have a secret admirer REVEAL who thinks you are So special Call 09065174042 To opt out Reply REVEAL STOP 150 per message record Customer care 07821230901
1,Dear Voucher Holder To claim this weeks offer at you PC please go to httpwwwetlpcoukexpressoffer TsCs apply To stop texts txt STOP to 80062
1,Do you want 750 anytime any network mins 150 text and a NEW VIDEO phone for only five pounds per week call 08002888812 or reply for delivery tomorrow
1,Urgent call 09066350750 from your landline Your complimentary 4 Ibiza Holiday or 10000 cash await collection SAE TCs PO BOX 434 SK3 8WP 150 ppm 18
1,Talk sexy Make new friends or fall in love in the worlds most discreet text dating service Just text VIP to 83110 and see who you could meet
1,PRIVATE Your 2003 Account Statement for 07808 XXXXXX shows 800 unredeemed S I M points Call 08719899217 Identifier Code 41685 Expires 071104
1,Hello We need some posh birds and chaps to user trial prods for champneys Can i put you down I need your address and dob asap
1,What do you want for Xmas How about 100 free text messages  a new video phone with half price line rental Call free now on 0800 0721072 to find out more
1,Shop till you Drop IS IT YOU either 10K 5K 500 Cash or 100 Travel voucher Call now 09064011000 NTT PO Box CR01327BT fixedline Cost 150ppm mobile vary
1,Sunshine Quiz Wkly Q Win a top Sony DVD player if u know which country Liverpool played in mid week Txt ansr to 82277 150 SPTyrone
1,Reminder You have not downloaded the content you have already paid for Goto httpdoit mymoby tv to collect your content
1,Your free ringtone is waiting to be collected Simply text the password MIX to 85069 to verify Get Usher and Britney
1,Dear Matthew please call 09063440451 from a landline your complimentary 4Lux Tenerife holiday or 1000 CASH await collection
1,How about getting in touch with folks waiting for company Just text back your NAME and AGE to opt in Enjoy the community 150pSMS
1,your cashbalance is currently 500 pounds  to maximize your cashin now send GO to 86688 only 150pmsg CC 08718720201 PO BOX 11414 TCRW1
1,Filthy stories and GIRLS waiting for your
1,URGENT We are trying to contact you Todays draw shows that you have won a 800 prize GUARANTEED Call 09050001808 from land line Claim M95 Valid12hrs only
1,what is your  bank account number
1,Please call our customer service representative on FREEPHONE 0808 145 4742 between 9am11pm as you have WON a guaranteed 1000 cash or 5000 prize
1,Panasonic  BluetoothHdset FREE Nokia FREE Motorola FREE  DoubleMins  DoubleTxt on Orange contract
1,FREE for 1st week No1 Nokia tone for your mobile every week just text NOKIA to 8007 Get txting and tell your mates wwwgetzedcouk POBox 36504 W45WQ norm150ptone 16
1,We know someone who you know that fancies you Call 09058097218 to find out who
1,1000s flirting NOW Txt GIRL or BLOKE  ur NAME  AGE eg GIRL ZOE 18 to 8007 to join and get chatting
1,18 days to Euro2004 kickoff you will be kept informed of all the latest news and results daily Unsubscribe send GET EURO STOP to 83222
1,We have new local dates in your area  Lots of new people registered in YOUR AREA
1,Someone you know has asked our dating service 2 contact you Cant Guess who CALL 09058091854 NOW all will be revealed PO BOX385 M6 6WU
1,URGENT We are trying to contact you Todays draw shows that you have won a 800 prize GUARANTEED Call 09050003091 from land line Claim C52 Valid12hrs only
1,Dear you have been invited to XCHAT This is our final attempt to contact you Text CHAT to 86688
1,Dear Subscriber your draw for 100 gift voucher will be entered on receipt of a correct ans When was Elvis Presleys Birthday TXT answer to 80062
1,449050000301 You have won a 2000 price To claim call 09050000301
1,Do you want 750 anytime any network mins 150 text and a NEW video phone for only five pounds per week call 08000776320 now or reply for delivery Tomorrow
1,For taking part in our mobile survey yesterday You can now have 500 texts to use however you wish to get txts just send TeXT to 80160 TC wwwtxt43com 150p
1,Thank you winner notified by sms Good Luck No future marketing reply STOP to 84122 customer services 08450542832
1,1000s of girls many local to you who are virgins to this  are ready to for flil your every sexual need Can you forefil theirs text CUTE to 69911150p m
1,Sex up ur mobile with a FREE sexy pic of Jordan Just text BABE to 88600 Then every wk get a sexy celeb PocketBabecouk 4 more pics 16 3wk 087016248
1,You have 1 new voicemail Please call 08719181503
1,WIN a year supply of CDs 4 a store of ur choice worth 500  enter our 100 Weekly draw txt MUSIC to 87066 TsCs wwwLdewcomsubs161win150ppmx3
1,As a SIM subscriber you are selected to receive a Bonus Get it delivered to your door Txt the word OK to No 88600 to claim 150pmsg EXP 30Apr
1,You have 1 new voicemail Please call 08719181513
1,No 1 Nokia Tone 4 ur mob every week Just txt NOK to 87021 1st Tone FREE  so get txtin now and tell ur friends 150ptone 16 reply HL 4info
1,You are a winner U have been specially selected 2 receive 1000 cash or a 4 holiday flights inc speak to a live operator 2 claim 0871277810810
1,Reply with your name and address and YOU WILL RECEIVE BY POST a weeks completely free accommodation at various global locations wwwphb1com ph08700435505150p
1,FREE entry into our 250 weekly comp just send the word ENTER to 84128 NOW 18 TC wwwtextcompcom cust care 08712405020
1,Please CALL 08712402779 immediately as there is an urgent message waiting for you
1,HOT LIVE FANTASIES call now 08707509020 Just 20p per min NTT Ltd PO Box 1327 Croydon CR9 5WB 0870k
1,Bears Pic Nick and Tom Pete and  Dick In fact all types try gay chat with photo upload call 08718730666 10pmin 2 stop texts call 08712460324
1,500 New Mobiles from 2004 MUST GO Txt NOKIA to No 89545  collect yours todayFrom ONLY 1 www4tcbiz 2optout 08718726270150gbpmtmsg18 TXTAUCTION
1,Double Mins  Double Txt  12 price Linerental on Latest Orange Bluetooth mobiles Call MobileUpd8 for the very latest offers 08000839402 or call2optoutLF56
1,No 1 Nokia Tone 4 ur mob every week Just txt NOK to 87021 1st Tone FREE  so get txtin now and tell ur friends 150ptone 16 reply HL 4info
1,Congratulations ur awarded either 500 of CD gift vouchers  Free entry 2 our 100 weekly draw txt MUSIC to 87066 TnCs wwwLdewcom 1 win150ppmx3age16
1,As a registered optin subscriber ur draw 4 100 gift voucher will be entered on receipt of a correct ans to 80062 Whats No1 in the BBC charts
1,CLAIRE here am havin borin time  am now alone U wanna cum over 2nite Chat now 09099725823 hope 2 C U Luv CLAIRE xx Calls1minmoremobsEMSPOBox45PO139WA
1,Bought one ringtone and now getting texts costing 3 pound offering more tones etc
1,09066362231 URGENT Your mobile No 07xxxxxxxxx won a 2000 bonus caller prize on 020603 this is the 2nd attempt to reach YOU call 09066362231 ASAP
1,YOU 07801543489 are guaranteed the latests Nokia Phone a 40GB iPod MP3 player or a 500 prize Txt wordCOLLECT to No83355 TCLLC NYUSA 150pMt msgrcvd18
1,Hi its LUCY Hubby at meetins all day Fri  I will B alone at hotel U fancy cumin over Pls leave msg 2day 09099726395 Lucy x Calls1minMobsmoreLKPOBOX177HP51FL
1,Your account has been credited with 500 FREE Text Messages To activate just txt the word CREDIT to No 80488 TCs www80488biz
1,SMS ac JSco Energy is high but u may not know where 2channel it 2day ur leadership skills r strong Psychic Reply ANS wquestion End Reply END JSCO
1,HOT LIVE FANTASIES call now 08707509020 Just 20p per min NTT Ltd PO Box 1327 Croydon CR9 5WB 0870 is a national rate call
1,Thanks for the Vote Now sing along with the stars with Karaoke on your mobile For a FREE link just reply with SING now
1,Our brand new mobile music service is now live The free music player will arrive shortly Just install on your phone to browse content from the top artists
1,URGENT Your Mobile No was awarded a 2000 Bonus Caller Prize on 10803 This is our 2nd attempt to contact YOU Call 08714719523 BOX95QU BT National Rate
1,You have won a Nokia 7250i This is what you get when you win our FREE auction To take part send Nokia to 86021 now
1,Hello from Orange For 1 months free access to games news and sport plus 10 free texts and 20 photo messages reply YES Terms apply wwworangecoukow
1,URGENT Your Mobile number has been awarded with a 2000 prize GUARANTEED Call 09061790121 from land line Claim 3030 Valid 12hrs only 150ppm
1,You have been selected to stay in 1 of 250 top British hotels  FOR NOTHING Holiday Worth 350 To Claim
1,Hi if ur lookin 4 saucy daytime fun wiv busty married woman Am free all next week Chat now 2 sort time 09099726429 JANINExx Calls1minMobsmoreLKPOBOX177HP51FL
1,todays vodafone numbers ending with 0089my last four digits are selected to received a 350 award If your number matches please call 09063442151 to claim your 350 award
1,Free Top ringtone sub to weekly ringtoneget 1st week freesend SUBPOLY to 816183 per weekstop sms08718727870
1,Sunshine Quiz Wkly Q Win a top Sony DVD player if u know which country the Algarve is in Txt ansr to 82277 150 SPTyrone
1,Free msg Sorry a service you ordered from 81303 could not be delivered as you do not have sufficient credit Please top up to receive the service
1,Hard LIVE 121 chat just 60pmin Choose your girl and connect LIVE Call 09094646899 now Cheap Chat UKs biggest live service VU BCM1896WC1N3XX
1,WOW The Boys R Back TAKE THAT 2007 UK Tour Win VIP Tickets  prebook with VIP Club Txt CLUB to 81303 Trackmarque Ltd infovipclub4u
1,Hi this is Mandy Sullivan calling from HOTMIX FMyou are chosen to receive 500000 in our Easter Prize drawPlease telephone 09041940223 to claim before 290305 or your prize will be transferred to someone else
1,Someone has conacted our dating service and entered your phone because they fancy youTo find out who it is call from landline 09111030116 PoBox12n146tf15
1,WIN We have a winner Mr T Foley won an iPod More exciting prizes soon so keep an eye on ur mobile or visit wwwwin82050couk
1,Todays Voda numbers ending 1225 are selected to receive a 50award If you have a match please call 08712300220 quoting claim code 3100 standard rates app
1,Hottest pics straight to your phone See me getting Wet and Wanting just for you xx Text PICS to 89555 now txt costs 150p textoperator g696ga 18 XxX
1,FREE NOKIA Or Motorola with upto 12mths 12price linerental 500 FREE xnet mins100txtmth FREE Btooth Call Mobileupd8 on 08001950382 or call 2optoutD3WV
1,This is the 2nd time we have tried 2 contact u U have won the 750 Pound prize 2 claim is easy call 08718726970 NOW Only 10p per min BTnationalrate
1,You have WON a guaranteed 1000 cash or a 2000 prizeTo claim yr prize call our customer service representative on
1,Would you like to see my XXX pics they are so hot they were nearly banned in the uk
1,U have a secret admirer who is looking 2 make contact with Ufind out who they Rreveal who thinks UR so specialcall on 09058094594
1,Dear 0776xxxxxxx Uve been invited to XCHAT This is our final attempt to contact u Txt CHAT to 86688 150pMsgrcvdHGSuite3422LandsRowW1J6HL LDN 18yrs
1,Urgent Please call 09061743811 from landline Your ABTA complimentary 4 Tenerife Holiday or 5000 cash await collection SAE TCs Box 326 CW25WX 150ppm
1,CALL 09090900040  LISTEN TO EXTREME DIRTY LIVE CHAT GOING ON IN THE OFFICE RIGHT NOW TOTAL PRIVACY NO ONE KNOWS YOUR sic LISTENING 60P MIN 247MP 0870753331018
1,FreeMsg Hey U i just got 1 of these videopic fones reply WILD to this txt  ill send U my pics hurry up Im so bored at work xxx 18 150prcvd STOP2stop
1,Free entry in 2 a weekly comp for a chance to win an ipod Txt POD to 80182 to get entry std txt rate TCs apply 08452810073 for details 18
1,More people are dogging in your area now Call 09090204448 and join like minded guys Why not arrange 1 yourself Theres 1 this evening A150 minAPN LS278BB
1,You have won a guaranteed 200 award or even 1000 cashto claim UR award call free on 08000407165 18 2 stop getstop on 88222 PHP
1,URGENT Your mobile No  WON a 2000 Bonus Caller Prize on 020603 This is the 2nd attempt to reach YOU Call 09066362220
1,Sexy Singles are waiting for you Text your AGE followed by your GENDER as wither M or F EG23F For gay men text your AGE followed by a G eg23G
1,FreeMsg Claim ur 250 SMS messagesText OK to 84025 nowUse web2mobile 2 ur mates etc Join Txt250com for 150pwk
1,Well done ENGLAND Get the official poly ringtone or colour flag on yer mobile text TONE or FLAG to 84199 NOW Optout txt ENG STOP Box39822 W111WX 150
1,Final Chance Claim ur 150 worth of discount vouchers today Text YES to 85023 now SavaMob member offers mobile T Cs SavaMob POBOX84 M263UZ 300 Subs 16
1,PRIVATE Your 2004 Account Statement for 07742676969 shows 786 unredeemed Bonus Points To claim call 08719180248 Identifier Code 45239 Expires
1,SMS SERVICES for your inclusive text credits pls goto wwwcomuknet login  unsubscribe with STOP no extra charge
1,FREE2DAY sexy St Georges Day pic of JordanTxt PIC to 89080 dont miss out then every wk a saucy celeb4 more pics c PocketBabecouk 0870241182716 3wk
1,You are a winner you have been specially selected to receive 1000 cash or a 2000 award Speak to a live operator to claim call 087123002209am7pm Cost 10p
1,Sunshine Hols To claim ur med holiday send a stamped self address envelope to Drinks on Us UK PO Box 113 Bray Wicklow Eire Quiz Starts Saturday Unsub Stop
1,U can WIN 100 of Music Gift Vouchers every week starting NOW Txt the word DRAW to 87066 TsCs wwwIdewcom SkillGame 1Winaweek age16 150p per messSubscription
1,123 Congratulations  in this weeks competition draw u have won the 1450 prize to claim just call 09050002311 b4280703 TCsstop SMS 08718727868 Over 18 only 150ppm
1,Your B4U voucher wc 2703 is MARSMS Log onto wwwB4Utelecom for discount credit To opt out reply stop Customer care call 08717168528
1,FreeMsg Hey  Im Buffy 25 and love to satisfy men Home alone feeling randy Reply 2 C my PIX QlynnBV Help08700621170150p a msg Send stop to stop txts
1,Sunshine Hols To claim ur med holiday send a stamped self address envelope to Drinks on Us UK PO Box 113 Bray Wicklow Eire Quiz Starts Saturday Unsub Stop
1,FREE for 1st week No1 Nokia tone 4 ur mob every week just txt NOKIA to 87077 Get txting and tell ur mates zed POBox 36504 W45WQ norm150ptone 16
1,Shop till u Drop IS IT YOU either 10K 5K 500 Cash or 100 Travel voucher Call now 09064011000 NTT PO Box CR01327BT fixedline Cost 150ppm mobile vary
1,FREE camera phones with linerental from 449month with 750 cross ntwk mins 12 price txt bundle deals also avble Call 08001950382
1,URGENT Your mobile No 07xxxxxxxxx won a 2000 bonus caller prize on 020603 this is the 2nd attempt to reach YOU call 09066362231 ASAP BOX97N7QP 150PPM
1,URGENT Your 4 Costa Del Sol Holiday or 5000 await collection Call 09050090044 Now toClaim SAE TC s POBox334 Stockport SK38xh Cost150pm Max10mins
1,You have WON a guaranteed 1000 cash or a 2000 prize To claim yr prize call our customer service representative on 08714712379 between 10am7pm Cost 10p
1,Thanks for your ringtone order ref number K718 Your mobile will be charged 450 Should your tone not arrive please call customer services on 09065069120
1,Thanks for your ringtone order ref number R836 Your mobile will be charged 450 Should your tone not arrive please call customer services on 09065069154
1,SplashMobile Choose from 1000s of gr8 tones each wk This is a subscrition service with weekly tones costing 300p U have one credit  kick back and ENJOY
1,Forwarded from 88877FREE entry into our 250 weekly comp just send the word ENTER to 88877 NOW 18 TC wwwtextcompcom
1,Had your mobile 11mths  Update for FREE to Oranges latest colour camera mobiles  unlimited weekend calls Call Mobile 08000839402
1,You have 1 new message Please call 08718738034
1,Forwarded from 21870000Hi  this is your Mailbox Messaging SMS alert You have 4 messages You have 21 matches Please call back on 09056242159 to retrieve your messages and matches
1,Congrats 1 year special cinema pass for 2 is yours call 09061209465 now C Suprman V Matrix3 StarWars3 etc all 4 FREE bx420ip45we 150pm Dont miss out
1,WIN a year supply of CDs 4 a store of ur choice worth 500  enter our 100 Weekly draw txt MUSIC to 87066 TsCs wwwLdewcomsubs161win150ppmx3
1,Moby Pub QuizWin a 100 High Street prize if u know who the new Duchess of Cornwall will be Txt her first name to 82277unsub STOP 150 008704050406 SP Arrow
1,You have won a Nokia 7250i This is what you get when you win our FREE auction To take part send Nokia to 86021 now HGSuite3422Lands RowW1JHL 16
1,Congratulations Thanks to a good friend U have WON the 2000 Xmas prize 2 claim is easy just call 08718726971 NOW Only 10p per minute BTnationalrate
1,URGENT Your mobile number  WON a 2000 Bonus Caller prize on 100603 This is the 2nd attempt to reach you Call 09066368753 ASAP Box 97N7QP 150ppm
1,Double your mins  txts on Orange or 12 price linerental  Motorola and SonyEricsson with BTooth FREENokia FREE Call MobileUpd8 on 08000839402 or2optoutHV9D
1,Download as many ringtones as u like no restrictions 1000s 2 choose U can even send 2 yr buddys Txt Sir to 80082 3
1,Please CALL 08712402902 immediately as there is an urgent message waiting for you
1,Spook up your mob with a Halloween collection of a logo  pic message plus a free eerie tone txt CARD SPOOK to 8007 zed 08701417012150p per logopic
1,Fantasy Football is back on your TV Go to Sky Gamestar on Sky Active and play 250k Dream Team Scoring starts on Saturday so register nowSKY OPT OUT to 88088
1,Someone has contacted our dating service and entered your phone becausethey fancy you To find out who it is call from a landline 09058098002 PoBox1 W14RG 150p
1,Babe U want me dont u baby Im nasty and have a thing 4 filthyguys Fancy a rude time with a sexy bitch How about we go slo n hard Txt XXX SLO4msgs
1,Valentines Day Special Win over 1000 in our quiz and take your partner on the trip of a lifetime Send GO to 83600 now 150pmsg rcvd CustCare08718720201
1,WINNER As a valued network customer you hvae been selected to receive a 900 reward To collect call 09061701444 Valid 24 hours only ACL03530150PM
1,Hello Sir i am from paytm  Your kyc is finished with Paytm  Will you get kyc done
1,Hello sir I am speaking from Paytm  Have you ever had KYC if not done please get it done
1,Sir im speaking through phonepe  You have received a cashback of  5000  Why havent you received yet for receive it tell us about your bank account number
1,Sir give me your ATM number
1,Hello sir you are ending ATM card validity today  Please turn it on
1,Hello sir I am speaking from SBI Bank  You want to open a new account  So please share your Aadhaar number with us
1,Hello sir I am speaking from SBI Bank   5000 has been deducted from your account  Please share your account number to withdraw it
1,Sir I am speaking from ICICI Bank  Do you want to open your new account
1,Hello sir I am speaking from ICICI Bank  Your ATM card date has expired  Please share your Aadhaar number to run a new ATM card
1,Sir i can know your aadhar card number
1,Sir can I know your account number
1,Sir i can know your cvv pin
1,Sir i can know your atm card number
1,Hello sir I am talking to the insurance company  A new offer has come would you like to take
1,Hello sir I am talking to LIC  A new policy has come  Would you like to have it
1,Brother how are you I am speaking Raju  Will you give me your atm card
1,Hello yes brother I am speaking Vimal what are you doing Hey I wanted your ATM card will you
1,Hello friend I am speaking Vimali wanted your bank account number  There was some work
1,Hello i am a military man I need some help from you  Will help me
1,Hello I am from Maharashtra Police  Your account number has been hacked  Please share your account number with me
1,Hello I am from Mumbai Police  Your mobile number is used in crime  Please share the data
1,I am from ICICI Bank  You have received an offer  To avail this a 4 digit otp has been placed on your mobile number  Please share otp with me
1,Hello Sir Do you want to make your license from home
1,Dear 7977XXXX34 WIN 1st Prize of Rs 2 Lakhs Create your team for IND vs ENG 1st ODI on Paytm First Games  Win Up to Rs 10 Cr Click mpaytmmefnpt TC
1,FreeMSG You have been awarded a FREE mini DIGITAL CAMERA just reply SNAP to collect your prize quizclub Opt out Stop 80122300pwk SPRWM Ph08704050406
1,This message is brought to you by GMW Ltd and is not connected to the
1,Congrats 2 mobile 3G Videophones R yours call 09063458130 now videochat wid ur mates play java games Dload polypH music noline rentl bx420 ip4 5we 150p
1,Your next amazing xxx PICSFREE1 video will be sent to you enjoy If one vid is not enough for 2day text back the keyword PICSFREE1 to get the next video
1,U are subscribed to the best Mobile Content Service in the UK for 3 per ten days until you send STOP to 83435
1,3 FREE TAROT TEXTS Find out about your love life now TRY 3 FOR FREE Text CHANCE to 85555 16 only
1,Sunshine Quiz Wkly Q Win a top Sony DVD player if u know which country Liverpool played in mid week Txt ansr to 82277 150 SPTyrone
1,Knock Knock Txt whose there to 80082 to enter r weekly draw 4 a 250 gift voucher 4 a store of yr choice TCs wwwtklscom age16 to stoptxtstop150week
1,FREE RING TONE just text POLYS to 87131 Then every week get a new tone 0870737910216yrs only 150wk
1,You are guaranteed the latest Nokia Phone a 40GB iPod MP3 player or a 500 prize Txt word COLLECT to No 83355 IBHltd LdnW15H 150pMtmsgrcvd18
1,Hello darling how are you today I would love to have a chat why dont you tell me what you look like and what you are in to sexy
1,8007 FREE for 1st week No1 Nokia tone 4 ur mob every week just txt NOKIA to 8007 Get txting and tell ur mates wwwgetzedcouk POBox 36504 W4 5WQ norm 150ptone 16
1,Wanna get laid 2nite Want real Dogging locations sent direct to ur mobile Join the UKs largest Dogging Network Txt PARK to 69696 now Nyt ec2a 3lp 150msg
1,we tried to contact you re your response to our offer of a new nokia fone and camcorder hit reply or call 08000930705 for delivery
1,New Tones This week include 1McFlyAll Ab 2 Sara JorgeShock 3 Will SmithSwitch To order follow instructions on next message
1,URGENT We are trying to contact U Todays draw shows that you have won a 800 prize GUARANTEED Call 09050003091 from land line Claim C52 Valid 12hrs only
1,Urgent Urgent We have 800 FREE flights to Europe to give away call B4 10th Sept  take a friend 4 FREE Call now to claim on 09050000555 BA128NNFWFLY150ppm
1,FROM 88066 LOST 12 HELP
1,FreeMsg Fancy a flirt Reply DATE now  join the UKs fastest growing mobile dating service Msgs rcvd just 25p to optout txt stop to 83021 Reply DATE now
1,Great NEW Offer  DOUBLE Mins  DOUBLE Txt on best Orange tariffs AND get latest camera phones 4 FREE Call MobileUpd8 free on 08000839402 NOW or 2stoptxt TCs
1,Hope you enjoyed your new content text stop to 61610 to unsubscribe help08712400602450p Provided by tones2youcouk
1,Urgent Please call 09066612661 from landline 5000 cash or a luxury 4 Canary Islands Holiday await collection TCs SAE award 20M12AQ 150ppm 16
1,Urgent Please call 09066612661 from your landline your complimentary 4 Lux Costa Del Sol holiday or 1000 CASH await collection ppm 150 SAE TCs James 28 EH74RR
1,I dont know u and u dont know me Send CHAT to 86688 now and lets find each other Only 150pMsg rcvd
1,Married local women looking for discreet action now 5 real matches instantly to your phone
1,Burger King  Wanna play footy at a top stadium Get 2 Burger King before 1st Sept and go Large or Super with CocaCola and walk out a winner
1,How come it takes so little time for a child who is afraid of the dark to become a teenager who wants to stay out all night
1,For ur chance to win a 250 cash every wk TXT ACTION to 80608 TsCs wwwmovietriviatv custcare 08712405022 1x150pwk
1,Uve Bin Awarded 50 to Play 4 Instant Cash Call 08715203028 To Claim EVERY 9th Player Wins Min 50500 OptOut 08718727870
1,FreeMsgFAV XMAS TONESReply REAL
1,December only Had your mobile 11mths You are entitled to update to the latest colour camera mobile for Free Call The Mobile Update Co FREE on 08002986906
1,Gr8 Poly tones 4 ALL mobs direct 2u rply with POLY TITLE to 8007 eg POLY BREATHE1 Titles CRAZYIN SLEEPINGWITH FINEST YMCA getzedcouk POBox365O4W45WQ 300p
1,INTERFLORA  Its not too late to order Interflora flowers for christmas call 0800 505060 to place your order before Midnight tomorrow
1,Everyone around should be responding well to your presence since you are so warm and outgoing You are bringing in a real breath of sunshine
1,Congratulations  Thanks to a good friend U have WON the 2000 Xmas prize 2 claim is easy just call 08712103738 NOW Only 10p per minute BTnationalrate
1,Send a logo 2 ur lover  2 names joined by a heart Txt LOVE NAME1 NAME2 MOBNO eg LOVE ADAM EVE 07123456789 to 87077 Yahoo POBox36504W45WQ TxtNO 4 no ads 150p
1,Youve won tkts to the EURO2004 CUP FINAL or 800 CASH to collect CALL 09058099801 b4190604 POBOX 7876150ppm
1,Freemessage JamsterGet the crazy frog sound now For poly text MAD1 for real text MAD2 to 88888 6 crazy sounds for just 3 GBPweek 16only TCs apply
1,YOUR CHANCE TO BE ON A REALITY FANTASY SHOW call now  08707509020 Just 20p per min NTT Ltd PO Box 1327 Croydon CR9 5WB 0870 is a national  rate call
1,Adult 18 Content Your video will be with you shortly
1,YOUR CHANCE TO BE ON A REALITY FANTASY SHOW call now  08707509020 Just 20p per min NTT Ltd PO Box 1327 Croydon CR9 5WB 0870 is a national  rate call
1,Hey Boys Want hot XXX pics sent direct 2 ur phone Txt PORN to 69855 24Hrs free and then just 50p per day To stop text STOPBCM SF WC1N3XX
1,Last Chance Claim ur 150 worth of discount vouchers today Text SHOP to 85023 now SavaMob offers mobile T Cs SavaMob POBOX84 M263UZ 300 Sub 16
1,pdateNow  Double mins and 1000 txts on Orange tariffs Latest Motorola SonyEricsson  Nokia  Bluetooth FREE Call MobileUpd8 on 08000839402 or call2optoutYHL
1,Ur cashbalance is currently 500 pounds  to maximize ur cashin now send CASH to 86688 only 150pmsg CC 08718720201 PO BOX 11414 TCRW1
1,URGENT Your Mobile number has been awarded with a 2000 prize GUARANTEED Call 09058094454 from land line Claim 3030 Valid 12hrs only
1,Sorry U can not unsubscribe yet THE MOB offer package has a min term of 54 weeks pls resubmit request after expiry Reply THEMOB HELP 4 more info
1,You have 1 new message Please call 08712400200
1,We currently have a message awaiting your collection To collect your message just call 08718723815
1,URGENT Your mobile was awarded a 1500 Bonus Caller Prize on 27603 Our final attempt 2 contact U Call 08714714011
1,U have a secret admirer REVEAL who thinks U R So special Call 09065174042 To opt out Reply REVEAL STOP 150 per msg recd Cust care 07821230901
1,Do you ever notice that when youre driving anyone going slower than you is an idiot and everyone driving faster than you is a maniac
1,Xmas Offer Latest Motorola SonyEricsson  Nokia  FREE Bluetooth or DVD Double Mins  1000 Txt on Orange
1,Reply to win 100 weekly What professional sport does Tiger Woods play Send STOP to 87239 to end service
1,No 1 POLYPHONIC tone 4 ur mob every week Just txt PT2 to 87575 1st Tone FREE  so get txtin now and tell ur friends 150ptone 16 reply HL 4info
1,HOT LIVE FANTASIES call now 08707509020 Just 20p per min NTT Ltd PO Box 1327 Croydon CR9 5WB 0870 is a national rate call
1,This message is free call Welcome to the new  improved Sex  Dogging club To unsubscribe from this service reply STOP msgs150p 18only
1,Youve won tkts to the EURO2004 CUP FINAL or 800 CASH to collect CALL 09058099801 b4190604 POBOX 7876150ppm
1,Loan for any purpose 500  75000 Homeowners  Tenants welcome Have you been previously refused We can still help Call Free 0800 1956669 or text back help
1,UpdateNow  12Mths Half Price Orange line rental 400minsCall MobileUpd8 on 08000839402 or call2optoutJ5Q
1,FREE UNLIMITED HARDCORE PORN direct 2 your mobile Txt PORN to 69200  get FREE access for 24 hrs then chrgd50p per day txt Stop 2exit This msg is free
1,You are now unsubscribed all services Get tons of sexy babes or hunks straight to your phone go to httpgotbabescouk No subscriptions
1,Hi babe its Jordan how r u Im home from abroad and lonely text me back if u wanna chat xxSP visionsmscom Text stop to stopCost 150p 08712400603
1,Get a brand new mobile phone by being an agent of The Mob Plus loads more goodies For more info just text MAT to 87021
1,LORD OF THE RINGSRETURN OF THE KING in store NOWREPLY LOTR by 2 June 4 Chance 2 WIN LOTR soundtrack CDs StdTxtRate Reply STOP to end txts
1,Good Luck Draw takes place 28th Feb 06 Good Luck For removal send STOP to 87239 customer services 08708034412
1,Free entry in 2 a weekly comp for a chance to win an ipod Txt POD to 80182 to get entry std txt rate TCs apply 08452810073 for details 18
1,1st wk FREE Gr8 tones str8 2 u each wk Txt NOKIA ON to 8007 for Classic Nokia tones or HIT ON to 8007 for Polys Nokia150p Poly200p 16
1,LookAtMe Thanks for your purchase of a video clip from LookAtMe youve been charged 35p Think you can do better Why not send a video in a MMSto 32323
1,sexy sexy cum and text me im wet and warm and ready for some porn u up for some fun THIS MSG IS FREE RECD MSGS 150P INC VAT 2 CANCEL TEXT STOP
1,Hard LIVE 121 chat just 60pmin Choose your girl and connect LIVE Call 09094646899 now Cheap Chat UKs biggest live service VU BCM1896WC1N3XX
1,Not heard from U4 a while Call 4 rude chat private line 01223585334 to cum Wan 2C pics of me gettin shagged then text PIX to 8552 2End send STOP 8552 SAM xxx
1,This is the 2nd time we have tried to contact u U have won the 1450 prize to claim just call 09053750005 b4 310303 TCsstop SMS 08718725756 140ppm
1,HOT LIVE FANTASIES call now 08707509020 Just 20p per min NTT Ltd PO Box 1327 Croydon CR9 5WB 0870k
1,Dear Voucher Holder To claim this weeks offer at you PC please go to httpwwwetlpcoukreward TsCs apply
1,UR GOING 2 BAHAMAS CallFREEFONE 08081560665 and speak to a live operator to claim either Bahamas cruise of2000 CASH 18only To opt out txt X to 07786200117
1,This is the 2nd time we have tried 2 contact u U have won the 750 Pound prize 2 claim is easy call 08712101358 NOW Only 10p per min BTnationalrate
1,UR awarded a City Break and could WIN a 200 Summer Shopping spree every WK Txt STORE to 88039SkilGmeTsCs087147403231WinawkAge16150perWKsub
1,URGENT We are trying to contact U Todays draw shows that you have won a 2000 prize GUARANTEED Call 09066358361 from land line Claim Y87 Valid 12hrs only
1,Thanks for your ringtone order reference number X29 Your mobile will be charged 450 Should your tone not arrive please call customer services 09065989180
1,SIX chances to win CASH From 100 to 20000 pounds txt CSH11 and send to 87575 Cost 150pday 6days 16 TsandCs apply Reply HL 4 info
1,Ur cashbalance is currently 500 pounds  to maximize ur cashin now send COLLECT to 83600 only 150pmsg CC 08718720201 PO BOX 11414 TCRW1
1,Congratulations Thanks to a good friend U have WON the 2000 Xmas prize 2 claim is easy just call 08718726978 NOW Only 10p per minute BTnationalrate
1,44 7732584351 Do you want a New Nokia 3510i colour phone DeliveredTomorrow With 300 free minutes to any mobile  100 free texts  Free Camcorder reply or call 08000930705
1,You have 1 new voicemail Please call 08719181513
1,Someone U know has asked our dating service 2 contact you Cant Guess who CALL 09058097189 NOW all will be revealed POBox 6 LS15HB 150p
1,Camera  You are awarded a SiPix Digital Camera call 09061221066 fromm landline Delivery within 28 days
1,Todays Voda numbers ending 5226 are selected to receive a 350 award If you hava a match please call 08712300220 quoting claim code 1131 standard rates app
1,This message is free Welcome to the new  improved Sex  Dogging club To unsubscribe from this service reply STOP msgs150p 18 only
1,FREE MESSAGE Activate your 500 FREE Text Messages by replying to this message with the word FREE For terms  conditions visit www07781482378com
1,You are being contacted by our dating service by someone you know To find out who it is call from a land line 09050000928 PoBox45W2TG150P
1,Sorry I missed your call lets talk when you have the time Im on 07090201529
1,complimentary 4 STAR Ibiza Holiday or 10000 cash needs your URGENT collection 09066364349 NOW from Landline not to lose out Box434SK38WP150PPM18
1,FREE MSGWe billed your mobile number by mistake from shortcode 83332Please call 08081263000 to have charges refundedThis call will be free from a BT landline
1,Please CALL 08712402972 immediately as there is an urgent message waiting for you
1,URGENT Your Mobile number has been awarded with a 2000 Bonus Caller Prize Call 09058095201 from land line Valid 12hrs only
1,As a valued customer I am pleased to advise you that following recent review of your Mob No you are awarded with a 1500 Bonus Prize call 09066364589
1,Do you want a New Nokia 3510i colour phone DeliveredTomorrow With 300 free minutes to any mobile  100 free texts  Free Camcorder reply or call 08000930705
1,LIFE has never been this much fun and great until you came in You made it truly special for me I wont forget you enjoy  one gbpsms
1,Do you want a new Video phone 600 anytime any network mins 400 Inclusive Video calls AND downloads 5 per week Free delTOMORROW call 08002888812 or reply NOW
1,As a valued customer I am pleased to advise you that following recent review of your Mob No you are awarded with a 1500 Bonus Prize call 09066368470
1,Welcome Please reply with your AGE and GENDER to begin eg 24M
1,Freemsg 1month unlimited free calls Activate SmartCall Txt CALL to No 68866 Subscriptn3gbpwk unlimited calls Help 08448714184 Stoptxt stop landlineonly
1,Had your mobile 10 mths Update to latest Orange cameravideo phones for FREE Save s with Free textsweekend calls Text YES for a callback orno to opt out
1,Am new 2 club  dont fink we met yet Will B gr8 2 C U Please leave msg 2day wiv ur area 09099726553 reply promised CARLIE x Calls1minMobsmore LKPOBOX177HP51FL
1,Camera  You are awarded a SiPix Digital Camera call 09061221066 fromm landline Delivery within 28 days
1,Get a FREE mobile video player FREE movie To collect text GO to 89105 Its free Extra films can be ordered ts and cs apply 18 yrs only
1,Save money on wedding lingerie at wwwbridalpetticoatdreamscouk Choose from a superb selection with national delivery Brought to you by WeddingFriend
1,Not heard from U4 a while Call me now am here all night with just my knickers on Make me beg for it like U did last time 01223585236 XX Luv Nikiyu4net
1,Bloomberg Message center 447797706009 Why wait Apply for your future httpcareers bloombergcom
1,URGENT We are trying to contact U Todays draw shows that you have won a 800 prize GUARANTEED Call 09050001808 from land line Claim M95 Valid12hrs only
1,Do you want a NEW video phone750 anytime any network mins 150 text for only five pounds per week call 08000776320 now or reply for delivery tomorrow
1,You are being contacted by our dating service by someone you know To find out who it is call from a land line 09050000878 PoBox45W2TG150P
1,Wan2 win a MeetGreet with Westlife 4 U or a m8 They are currently on what tour 1Unbreakable 2Untamed 3Unkempt Text 12 or 3 to 83049 Cost 50p std text
1,You are a 1000 winner or Guaranteed Caller Prize this is our Final attempt to contact you To Claim Call 09071517866 Now 150ppmPOBox10183BhamB64XE
1,Xmas  New Years Eve tickets are now on sale from the club during the day from 10am till 8pm and on Thurs Fri  Sat night this week Theyre selling fast
1,Rock yr chik Get 100s of filthy films XXX pics on yr phone now
1,From next month get upto 50 More Calls 4 Ur standard network charge 2 activate Call 9061100010 C Wire3
1,URGENT We are trying to contact U Todays draw shows that you have won a 800 prize GUARANTEED
1,Text BANNEDUK to 89555 to see cost 150p textoperator g696ga 18 XXX
1,Collect your VALENTINES weekend to PARIS inc Flight  Hotel  200 Prize guaranteed Text PARIS to No 69101 wwwrtfsphostingcom
1,Customer Loyalty OfferThe NEW Nokia6650 Mobile from ONLY 10 at TXTAUCTION Txt word START to No 81151  get yours Now 4TCtxt TC 150pMTmsg
1,You wont believe it but its true Its Incredible Txts Reply G now to learn truly amazing things that will blow your mind From O2FWD only 18ptxt
1,I am hot n horny and willing I live local to you  text a reply to hear strt back from me 150p per msg Netcollex LtdHelpDesk
1,Do you want a New Nokia 3510i Colour Phone Delivered Tomorrow With 200 FREE minutes to any mobile  100 FREE text  FREE camcorder Reply or Call 08000930705
1,Congratulations YOUVE Won Youre a Winner in our August 1000 Prize Draw
1,Get the official ENGLAND poly ringtone or colour flag on yer mobile for tonights game Text TONE or FLAG to 84199 Optout txt ENG STOP Box39822 W111WX 150
1,Customer service announcement We recently tried to make a delivery to you but were unable to do so please call 07090298926 to reschedule Ref9307622
1,You can stop further club tones by replying STOP MIX See mytonecomenjoy html for terms Club tones cost GBP450week MFL PO Box 1146 MK45 2WT 23
1,wamma get laidwant real doggin locations sent direct to your mobile join the UKs largest dogging network txt dogs to 69696 nownyt ec2a 3lp 150msg
1,You have won a Nokia 7250i This is what you get when you win our FREE auction To take part send Nokia to 86021 now HGSuite3422Lands RowW1JHL 16
1,Promotion Number 8714714  UR awarded a City Break and could WIN a 200 Summer Shopping spree every WK Txt STORE to 88039  SkilGme TsCs087147403231WinawkAge16 150perWKsub
1,You are a winner you have been specially selected to receive 1000 cash or a 2000 award Speak to a live operator to claim call 087147123779am7pm Cost 10p
1,Free Top ringtone sub to weekly ringtoneget 1st week freesend SUBPOLY to 816183 per weekstop sms08718727870
1,Thanks for your ringtone order reference number X49 Your mobile will be charged 450 Should your tone not arrive please call customer services 09065989182 From colourredtextcolourTXTstar
1,Hi there 2nights ur lucky night Uve been invited 2 XCHAT the Uks wildest chat Txt CHAT to 86688 now
1,22 146tf150p
1,Dear Voucher Holder 2 claim your 1st class airport lounge passes when using Your holiday voucher call 08704439680 When booking quote 1st class x 2
1,Bloomberg Message center 447797706009 Why wait Apply for your future httpcareers bloombergcom
1,YES The only place in town to meet exciting adult singles is now in the UK Txt CHAT to 86688 now 150pMsg
1,FREE for 1st week No1 Nokia tone 4 ur mob every week just txt NOKIA to 8007 Get txting and tell ur mates wwwgetzedcouk POBox 36504 W45WQ norm150ptone 16
1,Someone U know has asked our dating service 2 contact you Cant guess who CALL 09058095107 NOW all will be revealed POBox 7 S3XY 150p
1,Mila age23 blonde new in UK I look sex with UK guys if u like fun with me Text MTALK to 6986618  30pptxt 1st 5free 150 increments Help08718728876
1,Claim a 200 shopping spree just call 08717895698 now Have you won MobStoreQuiz10ppm
1,Want to funk up ur fone with a weekly new tone reply TONES2U 2 this text wwwringtonescouk the original n best Tones 3GBP network operator rates apply
1,We tried to contact you re your reply to our offer of a Video Handset 750 anytime any networks mins UNLIMITED TEXT Camcorder Reply or call 08000930705 NOW
1,URGENT We are trying to contact you Last weekends draw shows that you have won a 900 prize GUARANTEED Call 09061701851 Claim code K61 Valid 12hours only
1,74355 XMAS iscoming  ur awarded either 500 CD gift vouchers  free entry 2 r 100 weekly draw txt MUSIC to 87066 TnC
1,Congratulations U can claim 2 VIP row A Tickets 2 C Blu in concert in November or Blu gift guaranteed Call 09061104276 to claim TSCs wwwsmsconet cost375max
1,Fantasy Football is back on your TV Go to Sky Gamestar on Sky Active and play 250k Dream Team Scoring starts on Saturday so register nowSKY OPT OUT to 88088
1,Free msg Single Find a partner in your area 1000s of real people are waiting to chat nowSend CHAT to 62220Cncl send STOPCS 08717890890150 per msg
1,Win the newest Harry Potter and the Order of the Phoenix Book 5 reply HARRY answer 5 questions  chance to be the first among readers
1,Free Msg RingtoneFrom httptms widelivecomindex wmlid1b6a5ecef91ff937819firsttrue180430JUL05
1,Oh my god Ive found your number again Im so glad text me back xafter this msgs cst std ntwk chg 150
1,A link to your picture has been sent You can also use httpalto18coukwavewaveaspo44345
1,Double Mins  1000 txts on Orange tariffs Latest Motorola SonyEricsson  Nokia with Bluetooth FREE Call MobileUpd8 on 08000839402 or call2optoutHF8
1,URGENT This is our 2nd attempt to contact U Your 900 prize from YESTERDAY is still awaiting collection To claim CALL NOW 09061702893 ACL03530150PM
1,Dear Dave this is your final notice to collect your 4 Tenerife Holiday or 5000 CASH award Call 09061743806 from landline TCs SAE Box326 CW25WX 150ppm
1,tells u 2 call 09066358152 to claim 5000 prize U have 2 enter all ur mobile  personal details  the prompts Careful
1,Your 2004 account for 07XXXXXXXXX shows 786 unredeemed points To claim call 08719181259 Identifier code XXXXX Expires 260305
1,Do you want a new video handset 750 anytime any network mins Half Price Line Rental Camcorder Reply or call 08000930705 for delivery tomorrow
1,You have an important customer service announcement Call FREEPHONE 0800 542 0825 now
1,FREERingtone Reply REAL or POLY eg REAL1 1 PushButton 2 DontCha 3 BabyGoodbye 4 GoldDigger 5 WeBeBurnin 1st tone FREE and 6 more when u join for 3wk
1,You have been specially selected to receive a 3000 award Call 08712402050 BEFORE the lines close Cost 10ppm 16 TCs apply AG Promo
1,YOU HAVE WON As a valued Vodafone customer our computer has picked YOU to win a 150 prize To collect is easy Just call 09061743386
1,Free video camera phones with Half Price line rental for 12 mths and 500 cross ntwk mins 100 txts Call MobileUpd8 08001950382 or Call2OptOut674
1,Great NEW Offer  DOUBLE Mins  DOUBLE Txt on best Orange tariffs AND get latest camera phones 4 FREE Call MobileUpd8 free on 08000839402 NOW or 2stoptxt TCs
1,Bank of Granite issues StrongBuy EXPLOSIVE PICK FOR OUR MEMBERS UP OVER 300  Nasdaq Symbol CDGT That is a 500 per
1,Bored housewives Chat n date now 08717507711 BTnational rate 10pmin only from landlines
1,We tried to call you re your reply to our sms for a video mobile 750 mins UNLIMITED TEXT free camcorder Reply or call now 08000930705 Del Thurs
1,This is the 2nd time we have tried to contact u U have won the 400 prize 2 claim is easy just call 087104711148 NOW Only 10p per minute BTnationalrate
1,Wan2 win a MeetGreet with Westlife 4 U or a m8 They are currently on what tour 1Unbreakable 2Untamed 3Unkempt Text 12 or 3 to 83049 Cost 50p std text
1,Please call our customer service representative on FREEPHONE 0808 145 4742 between 9am11pm as you have WON a guaranteed 1000 cash or 5000 prize
1,You will be receiving this weeks Triple Echo ringtone shortly Enjoy it
1,Uve been selected to stay in 1 of 250 top British hotels  FOR NOTHING Holiday valued at 350 Dial 08712300220 to claim  National Rate Call Bx526 SW73SS
1,YOU ARE CHOSEN TO RECEIVE A 350 AWARD Pls call claim number 09066364311 to collect your award which you are selected to receive as a valued mobile customer
1,Please call our customer service representative on FREEPHONE 0808 145 4742 between 9am11pm as you have WON a guaranteed 1000 cash or 5000 prize
1,Win a 1000 cash prize or a prize worth 5000
1,Thanks for your ringtone order reference number X49Your mobile will be charged 450 Should your tone not arrive please call customer services 09065989182
1,You are being contacted by our Dating Service by someone you know To find out who it is call from your mobile or landline 09064017305 PoBox75LDNS7
1,TBSPERSOLVO been chasing us since Sept for38 definitely not paying now thanks to your information We will ignore them Kath Manchester
1,Loans for any purpose even if you have Bad Credit Tenants Welcome Call NoWorriesLoanscom on 08717111821
1,Orange brings you ringtones from all time Chart Heroes with a free hit each week Go to Ringtones  Pics on wap To stop receiving these tips reply STOP
1,PRIVATE Your 2003 Account Statement for 07973788240 shows 800 unredeemed S I M points Call 08715203649 Identifier Code 40533 Expires 311004
1,We tried to call you re your reply to our sms for a video mobile 750 mins UNLIMITED TEXT  free camcorder Reply of call 08000930705 Now
1,GSOH Good with SPAM the ladiesU could b a male gigolo 2 join the uks fastest growing mens club reply ONCALL mjzgroup 087143423992stop reply STOP msg150rcvd
1,U have a secret admirer who is looking 2 make contact with Ufind out who they Rreveal who thinks UR so specialcall on 09058094599
1,HOT LIVE FANTASIES call now 08707500020 Just 20p per min NTT Ltd PO Box 1327 Croydon CR9 5WB 0870 is a national rate call
1,URGENT Your Mobile number has been awarded a UKP2000 prize GUARANTEED Call 09061790125 from landline Claim 3030 Valid 12hrs only 150ppm
1,SPJanuary Male Sale Hot Gay chat now cheaper call 08709222922 National rate from 15pmin cheap to 78pmin peak To stop texts call 08712460324 10pmin
1,FreeMsg Todays the day if you are ready Im horny  live in your town I love sex fun  games Netcollex Ltd 08700621170150p per msg reply Stop to end
1,In The Simpsons Movie released in July 2007 name the band that died at the start of the film AGreen Day BBlue Day CRed Day Send A B or C
1,Please call Amanda with regard to renewing or upgrading your current TMobile handset free of charge Offer ends today Tel 0845 021 3680 subject to Ts and Cs
1,URGENT Your 4 Costa Del Sol Holiday or 5000 await collection Call 09050090044 Now toClaim SAE TC s POBox334 Stockport SK38xh Cost150pm Max10mins
1,Want a new Video Phone 750 anytime any network mins Half price line rental free text for 3 months Reply or call 08000930705 for free delivery
1,Had your mobile 11 months or more U R entitled to Update to the latest colour mobiles with camera for Free Call The Mobile Update Co FREE on 08002986030
1,Dear Voucher Holder To claim this weeks offer at your PC please go to httpwwwwtlpcouktext TsCs apply
1,Congrats Nokia 3650 video camera phone is your Call 09066382422 Calls cost 150ppm Ave call 3mins vary from mobiles 16 Close 300603 post BCM4284 Ldn WC1N3XX
1,Urgent Please call 0906346330 Your ABTA complimentary 4 Spanish Holiday or 10000 cash await collection SAE TCs BOX 47 PO19 2EZ 150ppm 18
1,Double mins and txts 4 6months FREE Bluetooth on Orange Available on Sony Nokia Motorola phones Call MobileUpd8 on 08000839402 or call2optoutN9DX
1,FREE for 1st week No1 Nokia tone 4 ur mob every week just txt NOKIA to 8007 Get txting and tell ur mates wwwgetzedcouk POBox 36504 W45WQ norm150ptone 16
1,Want to funk up ur fone with a weekly new tone reply TONES2U 2 this text wwwringtonescouk the original n best Tones 3GBP network operator rates apply
1,IMPORTANT INFORMATION 4 ORANGE USER 0796XXXXXX TODAY IS UR LUCKY DAY2 FIND OUT WHY LOG ONTO httpwwwurawinnercom THERES A FANTASTIC PRIZEAWAITING YOU
1,Missed call alert These numbers called but left no message 07008009200
1,FREEMSG Our records indicate you may be entitled to 3750 pounds for the Accident you had To claim for free reply with YES to this msg To opt out text STOP
1,U can WIN 100 of Music Gift Vouchers every week starting NOW Txt the word DRAW to 87066 TsCs wwwIdewcom SkillGame 1Winaweek age16 150ppermessSubscription
1,Show ur colours Euro 2004 241 Offer Get an England Flag  3Lions tone on ur phone Click on the following service message for info
1,Text PASS to 69669 to collect your polyphonic ringtones Normal gprs charges apply only Enjoy your tones
1,accordingly I repeat just text the word ok on your mobile phone and send
1,Block Breaker now comes in deluxe format with new features and great graphics from TMobile Buy for just 5 by replying GET BBDELUXE and take the challenge
1,important information 4 orange user  today is your lucky day2find out why log onto httpwwwurawinnercom THERES A FANTASTIC SURPRISE AWAITING YOU
1,Natalja 25F is inviting you to be her friend Reply YES440 or NO440 See her wwwSMSacunat27081980 STOP Send STOP FRND to 62468
1,URGENT Important information for 02 user Today is your lucky day 2 find out why  log onto httpwwwurawinnercom there is a fantastic surprise awaiting you
1,WINNER As a valued network customer you have been selected to receivea 900 prize reward To claim call 09061701461 Claim code KL341 Valid 12 hours only
1,Kit Strip  you have been billed 150p Netcollex Ltd PO Box 1013 IG11 OJA
1,HMV BONUS SPECIAL 500 pounds of genuine HMV vouchers to be won Just answer 4 easy questions Play Now Send HMV to 86688 More infowww100percentrealcom
1,Please CALL 08712402578 immediately as there is an urgent message waiting for you
1,thesmszonecom lets you send free anonymous and masked messagesim sending this message from theredo you see the potential for abuse
1,WELL DONE Your 4 Costa Del Sol Holiday or 5000 await collection Call 09050090044 Now toClaim SAE TCs POBox334 Stockport SK38xh Cost150pm Max10mins
1,Someone U know has asked our dating service 2 contact you Cant Guess who CALL 09058091854 NOW all will be revealed PO BOX385 M6 6WU
1,Congrats 2 mobile 3G Videophones R yours call 09061744553 now videochat wid ur mates play java games Dload polyH music noline rentl bx420 ip4 5we 150pm
1,U 447801259231 have a secret admirer who is looking 2 make contact with Ufind out who they Rreveal who thinks UR so specialcall on 09058094597
1,important information 4 orange user 0789xxxxxxx today is your lucky day2find out why log onto httpwwwurawinnercom THERES A FANTASTIC SURPRISE AWAITING YOU
1,Our dating service has been asked 2 contact U by someone shy CALL 09058091870 NOW all will be revealed POBox84 M26 3UZ 150p
1,Do you want a new Video handset 750 any time any network mins UNLIMITED TEXT Camcorder Reply or Call now 08000930705 for del Sat AM
1,Ur balance is now 600 Next question Complete the landmark Big A Bob B Barry or C Ben  Text A B or C to 83738 Good luck
1,Ur TONEXS subscription has been renewed and you have been charged 450 You can choose 10 more polys this month wwwclubzedcouk BILLING MSG
1,If you dont your prize will go to another customer TC at wwwtcbiz 18 150pmin Polo Ltd Suite 373 London W1J 6HL Please call back if busy
1,Do you want a New Nokia 3510i Colour Phone Delivered Tomorrow With 200 FREE minutes to any mobile  100 FREE text  FREE camcorder Reply or Call 8000930705
1,RECPT 13 You have ordered a Ringtone Your order is being processed
1,As one of our registered subscribers u can enter the draw 4 a 100 GB gift voucher by replying with ENTER To unsubscribe text STOP
1,For your chance to WIN a FREE Bluetooth Headset then simply reply back with ADP
1,Dont b floppy b snappy  happy Only gay chat service with photo upload call 08718730666 10pmin 2 stop our texts call 08712460324
1,Urgent UR awarded a complimentary trip to EuroDisinc Trav AcoEntry41 Or 1000 To claim txt DIS to 87121 186150moreFrmMob ShrAcomOrSglSuplt10 LS1 3AJ
1,Welcome to UKmobiledate this msg is FREE giving you free calling to 08719839835 Future mgs billed at 150p daily To cancel send go stop to 89123
1,3 You have received your mobile content Enjoy
1,Want explicit SEX in 30 secs Ring 02073162414 now Costs 20pmin
1,Latest Nokia Mobile or iPOD MP3 Player 400 proze GUARANTEED Reply with WIN to 83355 now Norcorp Ltd150Mtmsgrcvd18
1,SMS SERVICES for your inclusive text credits pls goto wwwcomuknet login 3qxj9 unsubscribe with STOP no extra charge help 08702840625COMUK 220CM2 9AE
1,Mobile Club Choose any of the top quality items for your mobile 7cfca1a
1,Money i have won wining number 946 wot do i do next
1,Congrats 2 mobile 3G Videophones R yours call 09061744553 now videochat wid ur mates play java games Dload polyH music noline rentl bx420 ip4 5we 150pm
1,I want some cock My hubbys away I need a real man 2 satisfy me Txt WIFE to 89938 for no strings action Txt STOP 2 end txt rec 150ea OTBox 731 LA1 7WS
1,Gr8 new service  live sex video chat on your mob  see the sexiest dirtiest girls live on ur phone  4 details text horny to 89070 to cancel send STOP to 89070
1,FreeMsg Hi baby wow just got a new cam moby Wanna C a hot pic or Fancy a chat
1,Wanna have a laugh Try CHITCHAT on your mobile now Logon by txting the word CHAT and send it to No 8883 CM PO Box 4217 London W1A 6ZF 16 118pmsg rcvd
1,URGENT This is the 2nd attempt to contact UU have WON 1000CALL 09071512432 b4 300603tcsBCM4235WC1N3XXcallcost150ppmmobilesvary max7 50
1,Congratulations ur awarded 500 of CD vouchers or 125gift guaranteed  Free entry 2 100 wkly draw txt MUSIC to 87066
1,Had your contract mobile 11 Mnths Latest Motorola Nokia etc all FREE Double Mins  Text on Orange tariffs TEXT YES for callback no to remove from records
1,Urgent call 09066350750 from your landline Your complimentary 4 Ibiza Holiday or 10000 cash await collection SAE TCs PO BOX 434 SK3 8WP 150 ppm 18
1,For ur chance to win a 250 wkly shopping spree TXT SHOP to 80878 TsCs wwwtxt2shopcom custcare 08715705022 1x150pwk
1,U have a Secret Admirer who is looking 2 make contact with Ufind out who they Rreveal who thinks UR so specialcall on 09065171142stopsms08718727870150ppm
1,Mila age23 blonde new in UK I look sex with UK guys if u like fun with me Text MTALK to 6986618  30pptxt 1st 5free 150 increments Help08718728876
1,Well done ENGLAND Get the official poly ringtone or colour flag on yer mobile text TONE or FLAG to 84199 NOW Optout txt ENG STOP Box39822 W111WX 150
1,FreeMsg Txt CALL to No 86888  claim your reward of 3 hours talk time to use from your phone now Subscribe6GBPmnth inc 3hrs 16 stoptxtStop
1,Sunshine Quiz Win a super Sony DVD recorder if you canname the capital of Australia Text MQUIZ to 82277 B
1,Please call our customer service representative on 0800 169 6031 between 10am9pm as you have WON a guaranteed 1000 cash or 5000 prize
1,Todays Voda numbers ending with 7634 are selected to receive a 350 reward If you have a match please call 08712300220 quoting claim code 7684 standard rates apply
1,You are being ripped off Get your mobile content from wwwclubmobycom call 08717509990 polytruePixRingtonesGames six downloads for only 3
1,We tried to contact you re your reply to our offer of a Video Phone 750 anytime any network mins Half Price Line Rental Camcorder Reply or call 08000930705
1,A 400 XMAS REWARD IS WAITING FOR YOU Our computer has randomly picked you from our loyal mobile customers to receive a 400 reward Just call 09066380611
1,PRIVATE Your 2003 Account Statement for shows 800 unredeemed S I M points Call 08718738002 Identifier Code 48922 Expires 211104
1,Customer service announcement We recently tried to make a delivery to you but were unable to do so please call 07099833605 to reschedule Ref9280114
1,Hi babe its Chloe how r u I was smashed on saturday night it was great How was your weekend U been missing me SP visionsmscom Text stop to stop 150ptext
1,URGENT Your Mobile No 07808726822 was awarded a 2000 Bonus Caller Prize on 020903 This is our 2nd attempt to contact YOU Call 08718729758 BOX95QU
1,WIN We have a winner Mr T Foley won an iPod More exciting prizes soon so keep an eye on ur mobile or visit wwwwin82050couk
1,Camera  You are awarded a SiPix Digital Camera call 09061221066 fromm landline Delivery within 28 days
1,Your weekly CoolMob tones are ready to download This weeks new Tones include 1 Crazy FrogAXEL F 2 AkonLonely 3 Black EyedDont P More info in n
1,Cashbincouk Get lots of cash this weekend wwwcashbincouk Dear Welcome to the weekend We have got our biggest and best EVER cash give away These
1,URGENT Your Mobile number has been awarded with a 2000 prize GUARANTEED Call 09061790121 from land line Claim 3030 Valid 12hrs only 150ppm
1,Thanks 4 your continued support Your question this week will enter u in2 our draw 4 100 cash Name the NEW US President txt ans to 80082
1,Your unique user ID is 1172 For removal send STOP to 87239 customer services 08708034412
1,Urgent call 09066649731from Landline Your complimentary 4 Ibiza Holiday or 10000 cash await collection
1,URGENT This is our 2nd attempt to contact U Your 900 prize from YESTERDAY is still awaiting collection To claim CALL NOW 09061702893
1,Santa calling Would your little ones like a call from Santa Xmas Eve Call 09077818151 to book you time Calls150ppm last 3mins 30s TC wwwsantacallingcom
1,PRIVATE Your 2004 Account Statement for 0784987 shows 786 unredeemed Bonus Points To claim call 08719180219 Identifier Code 45239 Expires 060505
1,Check Out Choose Your Babe Videos  smsshsexnetUN fgkslpoPW fgkslpo
1,New Mobiles from 2004 MUST GO Txt NOKIA to No 89545  collect yours today
1,YOU HAVE WON As a valued Vodafone customer our computer has picked YOU to win a 150 prize To collect is easy Just call 09061743386
1,FREE MESSAGEThanks for using the Auction Subscription Service 18  150pMSGRCVD 2 Skip an Auction txt OUT 2 Unsubscribe txt STOP CustomerCare 08718726270
1,Bored housewives Chat n date now 08717507711 BTnational rate 10pmin only from landlines
1,lyricalladie21F is inviting you to be her friend Reply YES910 or NO910 See her wwwSMSacuhmmross STOP Send STOP FRND to 62468
1,No 1 POLYPHONIC tone 4 ur mob every week Just txt PT2 to 87575 1st Tone FREE  so get txtin now and tell ur friends 150ptone 16 reply HL 4info
1,Todays Vodafone numbers ending with 4882 are selected to a receive a 350 award If your number matches call 09064019014 to receive your 350 award
1,Want the latest Video handset 750 anytime any network mins Half price line rental Reply or call 08000930705 for delivery tomorrow
1,ou are guaranteed the latest Nokia Phone a 40GB iPod MP3 player or a 500 prize Txt word COLLECT to No 83355 IBHltd LdnW15H 150pMtmsgrcvd18
1,Warner Village 83118 C Colin Farrell in SWAT this wkend Warner Village  get 1 free med PopcornJust show msgticketkioskValid 4712 C tc kiosk Reply SONY 4 mre film offers
1,Goal Arsenal 4 Henry 7 v Liverpool 2 Henry scores with a simple shot from 6 yards from a pass by Bergkamp to give Arsenal a 2 goal margin after 78 mins
1,This is the 2nd time we have tried 2 contact u U have won the 750 Pound prize 2 claim is easy call 08712101358 NOW Only 10p per min BTnationalrate
1,Got what it takes 2 take part in the WRC Rally in Oz U can with Lucozade Energy Text RALLY LE to 61200 25p see packs or lucozadecoukwrc  itcould be u
1,Hi the SEXYCHAT girls are waiting for you to text them Text now for a great night chatting send STOP to stop this service
1,Great News Call FREEFONE 08006344447 to claim your guaranteed 1000 CASH or 2000 gift Speak to a live operator NOW
1,Hi this is Amy we will be sending you a free phone number in a couple of days which will give you an access to all the adult parties
1,Welcome to Select an O2 service with added benefits You can now call our specially trained advisors FREE from your mobile by dialling 402
1,Dear Voucher holder Have your next meal on us Use the following link on your pc 2 enjoy a 2 4 1 dining experiencehttpwwwvouch4mecometlpdiningasp
1,URGENT We are trying to contact U Todays draw shows that you have won a 2000 prize GUARANTEED Call 09058094507 from land line Claim 3030 Valid 12hrs only
1,You can donate 250 to UNICEFs Asian Tsunami disaster support fund by texting DONATE to 864233 250 will be added to your next bill
1,Phony 350 award  Todays Voda numbers ending XXXX are selected to receive a 350 award If you have a match please call 08712300220 quoting claim code 3100 standard rates app
1,You have WON a guaranteed 1000 cash or a 2000 prize To claim yr prize call our customer service representative on 08714712412 between 10am7pm Cost 10p
1,Dear 0776xxxxxxx Uve been invited to XCHAT This is our final attempt to contact u Txt CHAT to 86688 150pMsgrcvdHGSuite3422LandsRowW1J6HL LDN 18yrs
1,Ur cashbalance is currently 500 pounds  to maximize ur cashin now send GO to 86688 only 150pmeg CC 08718720201 HGSuite3422lands RowW1j6HL
1,PRIVATE Your 2003 Account Statement for shows 800 unredeemed SIM points Call 08715203685 Identifier Code4xx26 Expires 131004
1,Id like to tell you my deepest darkest fantasies Call me 09094646631 just 60pmin To stop texts call 08712460324 nat rate
1,You wont believe it but its true Its Incredible Txts Reply G now to learn truly amazing things that will blow your mind From O2FWD only 18ptxt
1,Natalie 20F is inviting you to be her friend Reply YES165 or NO165 See her wwwSMSacunatalie2k9 STOP Send STOP FRND to 62468
1,Jamster To get your free wallpaper text HEART to 88888 now TC apply 16 only Need Help Call 08701213186
1,Double Mins  Double Txt  12 price Linerental on Latest Orange Bluetooth mobiles Call MobileUpd8 for the very latest offers 08000839402 or call2optoutLF56
1,Free video camera phones with Half Price line rental for 12 mths and 500 cross ntwk mins 100 txts Call MobileUpd8 08001950382 or Call2OptOut674
1,83039 62735450 UK Break AccommodationVouchers terms  conditions apply 2 claim you mustprovide your claim number which is 15541
1,5p 4 alfie Moons Children in need song on ur mob Tell ur m8s Txt Tone charity to 8007 for Nokias or Poly charity for polys zed 08701417012 profit 2 charity
1,WIN a 200 Shopping spree every WEEK Starting NOW 2 play text STORE to 88039 SkilGme TsCs08714740323 1Winawk age16 150perweeksub
1,This is the 2nd attempt to contract U you have won this weeks top prize of either 1000 cash or 200 prize Just call 09066361921
1,Do you want a New Nokia 3510i colour phone DeliveredTomorrow With 300 free minutes to any mobile  100 free texts  Free Camcorder reply or call 08000930705
1,TheMobHit the link to get a premium Pink Panther game the new no 1 from Sugababes a crazy Zebra animation or a badass Hoody wallpaperall 4 FREE
1,This msg is for your mobile content order It has been resent as previous attempt failed due to network error Queries to customersqueriesnetvisionukcom
1,You have 1 new message Please call 08715205273
1,December only Had your mobile 11mths You are entitled to update to the latest colour camera mobile for Free Call The Mobile Update VCo FREE on 08002986906
1,YOU VE WON Your 4 Costa Del Sol Holiday or 5000 await collection Call 09050090044 Now toClaim SAE TC s POBox334 Stockport SK38xh Cost150pm Max10mins
1,FREE for 1st week No1 Nokia tone 4 ur mobile every week just txt NOKIA to 8077 Get txting and tell ur mates wwwgetzedcouk POBox 36504 W45WQ 16 norm150ptone
1,Get your garden ready for summer with a FREE selection of summer bulbs and seeds worth 3350 only with The Scotsman this Saturday To stop go2 notxtcouk
1,SMS AUCTION  A BRAND NEW Nokia 7250 is up 4 auction today Auction is FREE 2 join  take part Txt NOKIA to 86021 now
1,Spook up your mob with a Halloween collection of a logo  pic message plus a free eerie tone txt CARD SPOOK to 8007 zed 08701417012150p per logopic
1,Call Germany for only 1 pence per minute Call from a fixed line via access number 0844 861 85 85 No prepayment Direct access wwwtelediscountcouk
1,Had your mobile 11mths  Update for FREE to Oranges latest colour camera mobiles  unlimited weekend calls Call Mobile Upd8 on freefone 08000839402 or 2StopTxt
1,Natalja 25F is inviting you to be her friend Reply YES440 or NO440 See her wwwSMSacunat27081980 STOP Send STOP FRND to 62468
1,PRIVATE Your 2003 Account Statement for fone no shows 800 unredeemed S I M points Call 08715203656 Identifier Code 42049 Expires 261004
1,YOU ARE CHOSEN TO RECEIVE A 350 AWARD Pls call claim number 09066364311 to collect your award which you are selected to receive as a valued mobile customer
1,Someonone you know is trying to contact you via our dating service To find out who it could be call from your mobile or landline 09064015307 BOX334SK38ch
1,If you dont your prize will go to another customer TC at wwwtcbiz 18 150pmin Polo Ltd Suite 373 London W1J 6HL Please call back if busy
1,URGENT Your Mobile number has been awarded with a 2000 prize GUARANTEED Call 09061790126 from land line Claim 3030 Valid 12hrs only 150ppm
1,URGENT You have won a 1 week FREE membership in our 100000 Prize Jackpot Txt the word CLAIM to No
1,Urgent Please call 09061213237 from landline 5000 cash or a luxury 4 Canary Islands Holiday await collection TCs SAE PO Box 177 M227XY 150ppm 16
1,XMAS iscoming  ur awarded either 500 CD gift vouchers  free entry 2 r 100 weekly draw txt MUSIC to 87066 TnC wwwLdewcom1win150ppmx3age16subscription
1,Get the official ENGLAND poly ringtone or colour flag on yer mobile for tonights game Text TONE or FLAG to 84199 Optout txt ENG STOP Box39822 W111WX 150
1,u r subscribed 2 TEXTCOMP 250 wkly comp 1st wks free question follows subsequent wks charged150pmsg2 unsubscribe txt STOP 2 84128custcare 08712405020
1,Call 09095350301 and send our girls into erotic ecstacy Just 60pmin To stop texts call 08712460324 nat rate
1,Camera  You are awarded a SiPix Digital Camera call 09061221066 fromm landline Delivery within 28 days
1,A 400 XMAS REWARD IS WAITING FOR YOU Our computer has randomly picked you from our loyal mobile customers to receive a 400 reward Just call 09066380611
1,IMPORTANT MESSAGE This is a final contact attempt You have important messages waiting out our customer claims dept Expires 13404 Call 08717507382 NOW
1,datingi have had two of these Only started after i sent a text to talk sport radio last week Any connection do you think or coincidence
1,The current leading bid is 151 To pause this auction send OUT Customer Care 08718726270
1,Free entry to the gr8prizes wkly comp 4 a chance to win the latest Nokia 8800 PSP or 250 cash every wkTXT GREAT to 80878 httpwwwgr8prizescom 08715705022
1,Santa Calling Would your little ones like a call from Santa Xmas eve Call 09058094583 to book your time
1,You have won a guaranteed 32000 award or maybe even 1000 cash to claim ur award call free on 0800  18 Its a legitimat efreefone number wat do u think
1,Latest News Police station toilet stolen cops have nothing to go on
1,For the most sparkling shopping breaks from 45 per person call 0121 2025050 or visit wwwshortbreaksorguk
1,December only Had your mobile 11mths You are entitled to update to the latest colour camera mobile for Free Call The Mobile Update Co FREE on 08002986906
1,Txt CALL to No 86888  claim your reward of 3 hours talk time to use from your phone now Subscribe6GBPmnth inc 3hrs 16 stoptxtStop wwwgambtv
1,URGENT We are trying to contact you Last weekends draw shows u have won a 1000 prize GUARANTEED Call 09064017295 Claim code K52 Valid 12hrs 150p pm
1,SMS SERVICES for your inclusive text credits pls goto wwwcomuknet login 3qxj9 unsubscribe with STOP no extra charge help 08702840625COMUK 220CM2 9AE
1,PRIVATE Your 2003 Account Statement for 07808247860 shows 800 unredeemed S I M points Call 08719899229 Identifier Code 40411 Expires 061104
1,You are awarded a SiPix Digital Camera call 09061221061 from landline Delivery within 28days T Cs Box177 M221BP 2yr warranty 150ppm 16  p p399
1,PRIVATE Your 2003 Account Statement for shows 800 unredeemed SIM points Call 08718738001 Identifier Code 49557 Expires 261104
1,Want explicit SEX in 30 secs Ring 02073162414 now Costs 20pmin Gsex POBOX 2667 WC1N 3XX
1,Had your contract mobile 11 Mnths Latest Motorola Nokia etc all FREE Double Mins  Text on Orange tariffs TEXT YES for callback no to remove from records
1,REMINDER FROM O2 To get 250 pounds free call credit and details of great offers pls reply 2 this text with your valid name house no and postcode
1,This is the 2nd time we have tried 2 contact u U have won the 750 Pound prize 2 claim is easy call 087187272008 NOW1 Only 10p per minute BTnationalrate
1,hello sir you have won 10000 INR to get money please provide your bank account number
1,sir i am vikash bhatiya from phonepe your kyc has been expired to continue phonepe service please provide aadhar card and pan card number and tell me otp
1,to continue cloud service please provide credit card number
1,hello sir i am madhubala from play rummy you have won 1000 INR money to get this click on message box link
1,hello i am jojo from play rummy group u have won 10000 INR money to deposit it in your account please give your account number and debit card number
1,please tell me otp which is sent on your phone by mistakely
1,to get 1000 INR voucher please call on 889865556178
1,to get free access of google cloud account hit on given message box link
1,to get free AWS cloud account hit on given message box link
1,to get free access of Microsoft Azure hit on given message box link
1,hello sir we are from your bank have you fill the application form for credit card verify your document